{
  "timestamp": "2025-11-15T02:41:19.525463",
  "system": {
    "cpu_count": 16,
    "total_memory_gb": 13.0,
    "python_version": "3.11.14 (main, Oct 10 2025, 08:54:04) [GCC 13.3.0]"
  },
  "benchmarks": {
    "kmer_matching": {
      "runtime_seconds": 17.38042402267456,
      "memory_start_mb": 559.0,
      "memory_peak_mb": 969.0859375,
      "memory_traced_peak_mb": 128.4307041168213,
      "cpu_avg_percent": 0.99,
      "cpu_max_percent": 9.9,
      "operations": 10000,
      "ops_per_second": 575.3599559454916
    },
    "umi_dedup_slow": {
      "runtime_seconds": 10.311331033706665,
      "memory_start_mb": 823.34375,
      "memory_peak_mb": 823.34375,
      "memory_traced_peak_mb": 0.05410480499267578,
      "cpu_avg_percent": 0.29700000000000004,
      "cpu_max_percent": 9.9,
      "cells_processed": 100,
      "total_umis": 5000,
      "umis_per_second": 484.9034507432185
    },
    "umi_dedup_fast": {
      "runtime_seconds": 15.354028701782227,
      "memory_start_mb": 819.34375,
      "memory_peak_mb": 898.16015625,
      "memory_traced_peak_mb": 26.616646766662598,
      "cpu_avg_percent": 0.0,
      "cpu_max_percent": 0.0,
      "cells_processed": 100,
      "total_umis": 5000,
      "umis_per_second": 325.64743085439346
    },
    "full_pipeline": {
      "runtime_seconds": 0.016916275024414062,
      "memory_start_mb": 898.16015625,
      "memory_peak_mb": 898.16015625,
      "memory_traced_peak_mb": 0.1018533706665039,
      "cpu_avg_percent": 0,
      "cpu_max_percent": 0,
      "success": false
    }
  }
}